file_name,file_hash,source_file_name,source_file_hash
D:\Dev\Work\OntCatOWL-Tester\catalog\abel2015petroleum-system\taxonomy.ttl,bc8d0af12adc6eb195df8436e7293fa1448d87c1574101cd108c751a3fedcc81,D:\Dev\Work\OntoUMLRepository\abel2015petroleum-system\ontology.ttl,f8d65550e2f0d9fec50f0261006885c4ff5c46f12924d5b55d2c16cb36c78ff3
D:\Dev\Work\OntCatOWL-Tester\catalog\abel2015petroleum-system\classes_data.csv,2ddccd821d1c034d4484291dedfdf0047a8a8a448e26c16f8d5b9630b6ff8303,D:\Dev\Work\OntoUMLRepository\abel2015petroleum-system\ontology.ttl,f8d65550e2f0d9fec50f0261006885c4ff5c46f12924d5b55d2c16cb36c78ff3
D:\Dev\Work\OntCatOWL-Tester\catalog\abrahao2018agriculture-operations\taxonomy.ttl,d8bb293573390c8c031c3e8fab5357dc3ed78bfbdecc3e578987b9ffd1dc24d2,D:\Dev\Work\OntoUMLRepository\abrahao2018agriculture-operations\ontology.ttl,5038e6a22ebe17713ce644df094976d6643e68c33124cf238e5995598a5c10e9
D:\Dev\Work\OntCatOWL-Tester\catalog\abrahao2018agriculture-operations\classes_data.csv,9c22c27394ab21cfade860c0ee9ed34bf7bc30b97c60959e05fab3d6cc6f2ba7,D:\Dev\Work\OntoUMLRepository\abrahao2018agriculture-operations\ontology.ttl,5038e6a22ebe17713ce644df094976d6643e68c33124cf238e5995598a5c10e9
D:\Dev\Work\OntCatOWL-Tester\catalog\aguiar2018rdbs-o\taxonomy.ttl,07ecc5199233ee1aaf31ef777c4dbb85b3744d69941d525ce5d0f23e6eafd4d4,D:\Dev\Work\OntoUMLRepository\aguiar2018rdbs-o\ontology.ttl,85528d764febe5402d627562dfb00eaa5e5cd20774add82e463bab7733d7a7a9
D:\Dev\Work\OntCatOWL-Tester\catalog\aguiar2018rdbs-o\classes_data.csv,0cfb0eb1e91c0e96a56a0483591fb27ca6ceda8631805aba15b8ba57ca22c33d,D:\Dev\Work\OntoUMLRepository\aguiar2018rdbs-o\ontology.ttl,85528d764febe5402d627562dfb00eaa5e5cd20774add82e463bab7733d7a7a9
D:\Dev\Work\OntCatOWL-Tester\catalog\aguiar2019ooco\taxonomy.ttl,d2a3c60e12e3e88f94c0ce7a4f87f4b1570adb5d6aa2e41926e1d51c1e4340ef,D:\Dev\Work\OntoUMLRepository\aguiar2019ooco\ontology.ttl,66b1031510f57770f609933951d9581b963e6b9e4b78f9abad72b657b0f20fb1
D:\Dev\Work\OntCatOWL-Tester\catalog\aguiar2019ooco\classes_data.csv,be264a0f23fab7e1782d170c74d9493dfefa528a221b16f0b2a61392ecd5b04d,D:\Dev\Work\OntoUMLRepository\aguiar2019ooco\ontology.ttl,66b1031510f57770f609933951d9581b963e6b9e4b78f9abad72b657b0f20fb1
D:\Dev\Work\OntCatOWL-Tester\catalog\aires2022valuenetworks-geo\taxonomy.ttl,c6852f5c132276f9ae2d09a9bbeff8c98af69093f3502d8e7d650e1a2cdff66d,D:\Dev\Work\OntoUMLRepository\aires2022valuenetworks-geo\ontology.ttl,f2805c07c06194f425cdf408b193d703911fc00b06e52cbdd609109482c9f606
D:\Dev\Work\OntCatOWL-Tester\catalog\aires2022valuenetworks-geo\classes_data.csv,c6b70997f9dc0f4c07fb3750b786f9e0b6e8bbe653e4a63ed08d1f55c79037a4,D:\Dev\Work\OntoUMLRepository\aires2022valuenetworks-geo\ontology.ttl,f2805c07c06194f425cdf408b193d703911fc00b06e52cbdd609109482c9f606
D:\Dev\Work\OntCatOWL-Tester\catalog\albuquerque2011ontobio\taxonomy.ttl,a0d6f4c366ac35675b80c5e5839e05f4fe32255b395e884efc5ddd51748a6e2f,D:\Dev\Work\OntoUMLRepository\albuquerque2011ontobio\ontology.ttl,0c3d9771fe3101060115987021a8594fa6429a77a75cd71812e8d1a4f449a354
D:\Dev\Work\OntCatOWL-Tester\catalog\albuquerque2011ontobio\classes_data.csv,281395e171a1fd2926406193c676a9c14e020ba89b4d58588901cc212e76763e,D:\Dev\Work\OntoUMLRepository\albuquerque2011ontobio\ontology.ttl,0c3d9771fe3101060115987021a8594fa6429a77a75cd71812e8d1a4f449a354
D:\Dev\Work\OntCatOWL-Tester\catalog\alpinebits2022\taxonomy.ttl,ec5f0f594233a5f7094df393b483ec78b8d3030f24ab3d7445d596b2a424f99f,D:\Dev\Work\OntoUMLRepository\alpinebits2022\ontology.ttl,c5a0a868261b0dcbf75700c5fa1bd07a6f76695a1c1ee69a58c79ae6e78ce817
D:\Dev\Work\OntCatOWL-Tester\catalog\alpinebits2022\classes_data.csv,391dea1333bbd23e2f7e66a7e117ff79a82e3abb02077126f8aa9b670d828534,D:\Dev\Work\OntoUMLRepository\alpinebits2022\ontology.ttl,c5a0a868261b0dcbf75700c5fa1bd07a6f76695a1c1ee69a58c79ae6e78ce817
D:\Dev\Work\OntCatOWL-Tester\catalog\amaral2019rot\taxonomy.ttl,7cb48045321754de899df0f3c246966aa704d2d46d2487db49c05bb48d852057,D:\Dev\Work\OntoUMLRepository\amaral2019rot\ontology.ttl,a9fe145e6187b659b19414e804d22f65a21112b414ce9b04748d1e14982d76a1
D:\Dev\Work\OntCatOWL-Tester\catalog\amaral2019rot\classes_data.csv,b6e1be635808d4e02306656a366d8ff8a96be38de6f3acf11241d27ee2952bf6,D:\Dev\Work\OntoUMLRepository\amaral2019rot\ontology.ttl,a9fe145e6187b659b19414e804d22f65a21112b414ce9b04748d1e14982d76a1
D:\Dev\Work\OntCatOWL-Tester\catalog\amaral2020game-theory\taxonomy.ttl,db7edd624d86e247ab1c58365d52a7f31c9e157913afc5c3c7e93b32f1ff8c13,D:\Dev\Work\OntoUMLRepository\amaral2020game-theory\ontology.ttl,4d7c0522f1711743e16fa3ed7d210e5a4772bbcb9f5c8e405cb76926d642bfb9
D:\Dev\Work\OntCatOWL-Tester\catalog\amaral2020game-theory\classes_data.csv,34f1401bd915ccae70010734f8117175a57647996131ae179b409b24646ff0b0,D:\Dev\Work\OntoUMLRepository\amaral2020game-theory\ontology.ttl,4d7c0522f1711743e16fa3ed7d210e5a4772bbcb9f5c8e405cb76926d642bfb9
D:\Dev\Work\OntCatOWL-Tester\catalog\amaral2020rome\taxonomy.ttl,148211f6fbf1fcb10dd1d0ecede6ab03263dec2acfff7a9ffd56fa2e51986a57,D:\Dev\Work\OntoUMLRepository\amaral2020rome\ontology.ttl,1ca589d7b722f62bc658c45d36ca25eeea89625db1fb68f23647bfd387922c77
D:\Dev\Work\OntCatOWL-Tester\catalog\amaral2020rome\classes_data.csv,39299726b64c66e6f9dc9568348b148f7686c9d823945c903f543f854f9b0c29,D:\Dev\Work\OntoUMLRepository\amaral2020rome\ontology.ttl,1ca589d7b722f62bc658c45d36ca25eeea89625db1fb68f23647bfd387922c77
D:\Dev\Work\OntCatOWL-Tester\catalog\amaral2022ethical-requirements\taxonomy.ttl,46c1129acb1427838cf3d43bb694c84e8edf27593f07a0b1632a60b43f11cdd4,D:\Dev\Work\OntoUMLRepository\amaral2022ethical-requirements\ontology.ttl,1eed26b73a7d0b40329e7ea93c8d9d2a6aeac59702b9aa4078e2cfb8d0d974e8
D:\Dev\Work\OntCatOWL-Tester\catalog\amaral2022ethical-requirements\classes_data.csv,e38fbf32056df512270b4d93a6c7881a4237bffad2558bf73d1b2d5d92c52802,D:\Dev\Work\OntoUMLRepository\amaral2022ethical-requirements\ontology.ttl,1eed26b73a7d0b40329e7ea93c8d9d2a6aeac59702b9aa4078e2cfb8d0d974e8
D:\Dev\Work\OntCatOWL-Tester\catalog\andersson2018value-ascription\taxonomy.ttl,94e693ccbb5d21128b8cd48254c696a8a78e0462642ef6b8e6672e18c9eae71e,D:\Dev\Work\OntoUMLRepository\andersson2018value-ascription\ontology.ttl,ca2fb7d1492b4e603d2cf25fdcd5dee1accf0c2a675a76394bf7f24cb79aa6bd
D:\Dev\Work\OntCatOWL-Tester\catalog\andersson2018value-ascription\classes_data.csv,9b14b6e243f59fe9549a86fec79f2006c251f1e724c48cccd92b01f2776c787c,D:\Dev\Work\OntoUMLRepository\andersson2018value-ascription\ontology.ttl,ca2fb7d1492b4e603d2cf25fdcd5dee1accf0c2a675a76394bf7f24cb79aa6bd
D:\Dev\Work\OntCatOWL-Tester\catalog\aristotle-ontology2019\taxonomy.ttl,3d44c7bd41076c6adc52317d5b86932a462be37a9744ed0c346f22b0d2557278,D:\Dev\Work\OntoUMLRepository\aristotle-ontology2019\ontology.ttl,0a1ab359711ebbf8341b34a716ebf7e70878dbd7f1b5bbcf98ef82eb3bff5293
D:\Dev\Work\OntCatOWL-Tester\catalog\aristotle-ontology2019\classes_data.csv,6bbdb30fa8593732d11c6908e211a50c978cf3c5f9665ab873344be57859a184,D:\Dev\Work\OntoUMLRepository\aristotle-ontology2019\ontology.ttl,0a1ab359711ebbf8341b34a716ebf7e70878dbd7f1b5bbcf98ef82eb3bff5293
D:\Dev\Work\OntCatOWL-Tester\catalog\bank-model\taxonomy.ttl,cd590d72738d3b92c2f4a04c0ee1b41a579098df0a6cdfc6fe2593bd06a726ab,D:\Dev\Work\OntoUMLRepository\bank-model\ontology.ttl,e7689d83d15d40189eab2918aa0dc91a16fb955fd9bcf8675c0f2e059d05a3de
D:\Dev\Work\OntCatOWL-Tester\catalog\bank-model\classes_data.csv,ccce0eb28271303e14fa64b814a686a9e41f94ef9ec3a17fedad549f428029b3,D:\Dev\Work\OntoUMLRepository\bank-model\ontology.ttl,e7689d83d15d40189eab2918aa0dc91a16fb955fd9bcf8675c0f2e059d05a3de
D:\Dev\Work\OntCatOWL-Tester\catalog\barcelos2013normative-acts\taxonomy.ttl,3b5da8a38075eac274cbd608eef021fb728c6294b106cee97b642542d14a873d,D:\Dev\Work\OntoUMLRepository\barcelos2013normative-acts\ontology.ttl,97c30302a6bcdd08f3f5784d94382765d739c7f1d6f586541f0ae2f3117ff5ed
D:\Dev\Work\OntCatOWL-Tester\catalog\barcelos2013normative-acts\classes_data.csv,5a561afef0c4605fa48d87fbbc87b03a110fc22628dd7eeb09cb82ca4fbec1ac,D:\Dev\Work\OntoUMLRepository\barcelos2013normative-acts\ontology.ttl,97c30302a6bcdd08f3f5784d94382765d739c7f1d6f586541f0ae2f3117ff5ed
D:\Dev\Work\OntCatOWL-Tester\catalog\barcelos2015transport-networks\taxonomy.ttl,b13f33c4e72f2d25f8788c5944002b1507fe08ff04f3b5c5fc5bfac2b1bb08e8,D:\Dev\Work\OntoUMLRepository\barcelos2015transport-networks\ontology.ttl,06d91de89893ae51fa8511f97b84573b5b17d475cf911a909e1838c72a0f2e02
D:\Dev\Work\OntCatOWL-Tester\catalog\barcelos2015transport-networks\classes_data.csv,1e585fdc57248c38727d2a5cb2fa7a318ab6184e7265d7cc20249258d56f9e44,D:\Dev\Work\OntoUMLRepository\barcelos2015transport-networks\ontology.ttl,06d91de89893ae51fa8511f97b84573b5b17d475cf911a909e1838c72a0f2e02
D:\Dev\Work\OntCatOWL-Tester\catalog\barros2020programming\taxonomy.ttl,55b3a7df9570061aad007565d9062fd175cfd350d071f1cec3df95953d708af4,D:\Dev\Work\OntoUMLRepository\barros2020programming\ontology.ttl,2ccfb1e60c1933e91736a7de0623402bca882108f9e109555056fd051de3288a
D:\Dev\Work\OntCatOWL-Tester\catalog\barros2020programming\classes_data.csv,425657ff65c8afd057e23b7835add6e3ed180a35acd0f3aa6b674b75707e0ce3,D:\Dev\Work\OntoUMLRepository\barros2020programming\ontology.ttl,2ccfb1e60c1933e91736a7de0623402bca882108f9e109555056fd051de3288a
D:\Dev\Work\OntCatOWL-Tester\catalog\bernasconi2021ontovcm\taxonomy.ttl,dc9b2e8bd3b94d437a8c7eb7f086bed30b3bd6c17f333987beb52cdfc2c8165e,D:\Dev\Work\OntoUMLRepository\bernasconi2021ontovcm\ontology.ttl,b7657e99261025912cdcdfbad10af24bdf1c2595e606066ddb4bd3c69b490d36
D:\Dev\Work\OntCatOWL-Tester\catalog\bernasconi2021ontovcm\classes_data.csv,787493dd06dbac9887a837a048445157053bbe8ef250934277b1642d583b37c6,D:\Dev\Work\OntoUMLRepository\bernasconi2021ontovcm\ontology.ttl,b7657e99261025912cdcdfbad10af24bdf1c2595e606066ddb4bd3c69b490d36
D:\Dev\Work\OntCatOWL-Tester\catalog\brazilian-governmental-organizational-structures\taxonomy.ttl,92952b38a16158b42d1c2d0119ac593ea5d2ba0231638b2d9507b699a9378307,D:\Dev\Work\OntoUMLRepository\brazilian-governmental-organizational-structures\ontology.ttl,36a08965e4f203f1ecf96d22213046feef5fee5d762ecc8a6c4498ea183f7456
D:\Dev\Work\OntCatOWL-Tester\catalog\brazilian-governmental-organizational-structures\classes_data.csv,552331ac0e6c54fc47528f1b9fe2963dd4a167bd880f9ae7cb99acbc1a149515,D:\Dev\Work\OntoUMLRepository\brazilian-governmental-organizational-structures\ontology.ttl,36a08965e4f203f1ecf96d22213046feef5fee5d762ecc8a6c4498ea183f7456
D:\Dev\Work\OntCatOWL-Tester\catalog\buchtela2020connection\taxonomy.ttl,e3f35cf9422b0e5a916d69e5735e2b72b764d3dfdf2b8a5cd504959fff69084f,D:\Dev\Work\OntoUMLRepository\buchtela2020connection\ontology.ttl,d2d354e547d24e5cf295c8efbfbbf0538e727eb22830b1beb0af1b3f641b26aa
D:\Dev\Work\OntCatOWL-Tester\catalog\buchtela2020connection\classes_data.csv,46a0bab083879892985c4f65aa476a46f286451b1e26804a0ff63e737fdb81c6,D:\Dev\Work\OntoUMLRepository\buchtela2020connection\ontology.ttl,d2d354e547d24e5cf295c8efbfbbf0538e727eb22830b1beb0af1b3f641b26aa
D:\Dev\Work\OntCatOWL-Tester\catalog\buridan-ontology2021\taxonomy.ttl,2a065b4c52410bbad3e396c20e24daa6e475c79aab91e4049c5fca28cc7a7862,D:\Dev\Work\OntoUMLRepository\buridan-ontology2021\ontology.ttl,561b78787a58f7e6be13d1f3dfb8bd381cf01557d4e1466b3f9b0da65886b2f7
D:\Dev\Work\OntCatOWL-Tester\catalog\buridan-ontology2021\classes_data.csv,4e158853568c5f1438dd2c0e017798cfd58d332f6b4a5e5efd0d0829646e142b,D:\Dev\Work\OntoUMLRepository\buridan-ontology2021\ontology.ttl,561b78787a58f7e6be13d1f3dfb8bd381cf01557d4e1466b3f9b0da65886b2f7
D:\Dev\Work\OntCatOWL-Tester\catalog\carolla2014campus-management\taxonomy.ttl,51989bb0bb10a3049a16ebbbcdf5a7803f548327f2aa4291c9efbbfd1e14443e,D:\Dev\Work\OntoUMLRepository\carolla2014campus-management\ontology.ttl,68cc554aaaf4480ad602fa83d23b230d12865acac24cc1d19570a4daef8dbe68
D:\Dev\Work\OntCatOWL-Tester\catalog\carolla2014campus-management\classes_data.csv,4e721b33e4f5068f7996f99e316f6975367dab629bfca53236bd36016349fb14,D:\Dev\Work\OntoUMLRepository\carolla2014campus-management\ontology.ttl,68cc554aaaf4480ad602fa83d23b230d12865acac24cc1d19570a4daef8dbe68
D:\Dev\Work\OntCatOWL-Tester\catalog\castro2012cloudvulnerability\taxonomy.ttl,860cc31d5cdaf55b9df8d4a2df01d2e0606a469933fe5c1ba3c5ae665f0ef6c6,D:\Dev\Work\OntoUMLRepository\castro2012cloudvulnerability\ontology.ttl,03e49d8180b07dede93ec03dce930b0a10aaa347ce0a6c96198a6a31cefd78eb
D:\Dev\Work\OntCatOWL-Tester\catalog\castro2012cloudvulnerability\classes_data.csv,b092795393bc6d34240aaa2f654fe7378e97087ca587118b2a5ca053f39c9191,D:\Dev\Work\OntoUMLRepository\castro2012cloudvulnerability\ontology.ttl,03e49d8180b07dede93ec03dce930b0a10aaa347ce0a6c96198a6a31cefd78eb
D:\Dev\Work\OntCatOWL-Tester\catalog\cgts2021sebim\taxonomy.ttl,af5de709cffa87160f333ac14d51fb525a6662cb28b1b662317d780003e4e68c,D:\Dev\Work\OntoUMLRepository\cgts2021sebim\ontology.ttl,b45e48cd3681f23e1121e6546032c7c12498f6207d2ab65c46def0aa99a845ee
D:\Dev\Work\OntCatOWL-Tester\catalog\cgts2021sebim\classes_data.csv,45b47bb28cf04a7164f53a7609034eb4d2c86f26ce14e810c4f653f42d0bcb95,D:\Dev\Work\OntoUMLRepository\cgts2021sebim\ontology.ttl,b45e48cd3681f23e1121e6546032c7c12498f6207d2ab65c46def0aa99a845ee
D:\Dev\Work\OntCatOWL-Tester\catalog\clergy-ontology\taxonomy.ttl,9c8b122a2292349e4b594277d509632f4fdcda6266ad3eaf28f586bdede0691c,D:\Dev\Work\OntoUMLRepository\clergy-ontology\ontology.ttl,809c2a9763c5718ef438725d0db9951a7092ffbafb0ff5cc20b7a79da976c930
D:\Dev\Work\OntCatOWL-Tester\catalog\clergy-ontology\classes_data.csv,32518d30cd7b46b86f5a5508495a32494c255173ed21630263817304f31ef9c2,D:\Dev\Work\OntoUMLRepository\clergy-ontology\ontology.ttl,809c2a9763c5718ef438725d0db9951a7092ffbafb0ff5cc20b7a79da976c930
D:\Dev\Work\OntCatOWL-Tester\catalog\construction-model\taxonomy.ttl,48325cf30538b0af05dd09ac7ff74db5e253dbef0ff5036971282f794971c710,D:\Dev\Work\OntoUMLRepository\construction-model\ontology.ttl,ed84c11a3fd3d3df56928306881438e107aabf21125c62a42cb78d044ed58adc
D:\Dev\Work\OntCatOWL-Tester\catalog\construction-model\classes_data.csv,766082cb115440304bc4cffd7bc2092c84eed18a30bc4de368aa74b46f30527f,D:\Dev\Work\OntoUMLRepository\construction-model\ontology.ttl,ed84c11a3fd3d3df56928306881438e107aabf21125c62a42cb78d044ed58adc
D:\Dev\Work\OntCatOWL-Tester\catalog\derave2019dpo\taxonomy.ttl,5177deb2d10da8ab426eb0bc4b9f76f25059b5a7aef7b50a028e8ed0f124754b,D:\Dev\Work\OntoUMLRepository\derave2019dpo\ontology.ttl,8cfdbdf79fd338f8e8f1b51a75c3fc663e377e53cf5d30123eb42cdc38039d22
D:\Dev\Work\OntCatOWL-Tester\catalog\derave2019dpo\classes_data.csv,93e9dcd8e720d514ca8ab7c4e0538d938f474f4826769f27c1e74c565c56a5c4,D:\Dev\Work\OntoUMLRepository\derave2019dpo\ontology.ttl,8cfdbdf79fd338f8e8f1b51a75c3fc663e377e53cf5d30123eb42cdc38039d22
D:\Dev\Work\OntCatOWL-Tester\catalog\digitaldoctor2022\taxonomy.ttl,9b1d18915a5c18ec931ec349d8d31efe801a59b5703acbad5ac9eabf9b4cf7d2,D:\Dev\Work\OntoUMLRepository\digitaldoctor2022\ontology.ttl,a6f1539051137c9e04a1f0924b60a77c89c2d2393f525a47a6059cee546d4f3e
D:\Dev\Work\OntCatOWL-Tester\catalog\digitaldoctor2022\classes_data.csv,a90142529773d32082b71713641bbc22ad043f41b1643cb5af56d2c094c0cf15,D:\Dev\Work\OntoUMLRepository\digitaldoctor2022\ontology.ttl,a6f1539051137c9e04a1f0924b60a77c89c2d2393f525a47a6059cee546d4f3e
D:\Dev\Work\OntCatOWL-Tester\catalog\duarte2020jogabilidade\taxonomy.ttl,5e0551318fed99b6d1080b204f9fb02d363c350f04937cbda0a1ec2dce435bac,D:\Dev\Work\OntoUMLRepository\duarte2020jogabilidade\ontology.ttl,083f42aebdd2b3bb0351164fe1b43af5f15efc0c3d8ff1585fdfd1df00b6be5c
D:\Dev\Work\OntCatOWL-Tester\catalog\duarte2020jogabilidade\classes_data.csv,90046e1669ad659b3fd236fa0db673426aed203653042be1bc78ec3f7222e98f,D:\Dev\Work\OntoUMLRepository\duarte2020jogabilidade\ontology.ttl,083f42aebdd2b3bb0351164fe1b43af5f15efc0c3d8ff1585fdfd1df00b6be5c
D:\Dev\Work\OntCatOWL-Tester\catalog\elghosh2020cargos\taxonomy.ttl,759380eac8ff32d14aebd958f53a6a2e6d5faea8d165474d6d13e0b63c73223c,D:\Dev\Work\OntoUMLRepository\elghosh2020cargos\ontology.ttl,a16ba762fd001737b24ba55fb67762c4d599ae02de4528284dd7968bdafef9e3
D:\Dev\Work\OntCatOWL-Tester\catalog\elghosh2020cargos\classes_data.csv,8a3b9ef5bd533f1f7e5111ab99ebccc48130c801a691d8156612e548f53f3791,D:\Dev\Work\OntoUMLRepository\elghosh2020cargos\ontology.ttl,a16ba762fd001737b24ba55fb67762c4d599ae02de4528284dd7968bdafef9e3
D:\Dev\Work\OntCatOWL-Tester\catalog\elikan2018brand-identity\taxonomy.ttl,4fd78a9369296b3694e37ea8e47237d5cad9a89438d28948d7413986a7436143,D:\Dev\Work\OntoUMLRepository\elikan2018brand-identity\ontology.ttl,13866d0ad44ae568d9cd3128fe4f5e7201cb13b33dccb8561d582b6df3f45504
D:\Dev\Work\OntCatOWL-Tester\catalog\elikan2018brand-identity\classes_data.csv,b49afdadb0e0e87686b5b6f5b02636fcdab02f5e2ddfcb8391f2220220e58c2f,D:\Dev\Work\OntoUMLRepository\elikan2018brand-identity\ontology.ttl,13866d0ad44ae568d9cd3128fe4f5e7201cb13b33dccb8561d582b6df3f45504
D:\Dev\Work\OntCatOWL-Tester\catalog\eu-rent-refactored2022\taxonomy.ttl,758dc22216a2adc7b11e47dff538f3c41fa4c27d2e83b86e74ed7d5fa9c011c5,D:\Dev\Work\OntoUMLRepository\eu-rent-refactored2022\ontology.ttl,99ef08417335ca0aa263e65be6502137569e56f780e2c085234341765ddfc832
D:\Dev\Work\OntCatOWL-Tester\catalog\eu-rent-refactored2022\classes_data.csv,79d7d3d05c3e3142520a11c18c654c275db25404655dc60cade4d439195137ee,D:\Dev\Work\OntoUMLRepository\eu-rent-refactored2022\ontology.ttl,99ef08417335ca0aa263e65be6502137569e56f780e2c085234341765ddfc832
D:\Dev\Work\OntCatOWL-Tester\catalog\falduci2022non-consensual-pornography\taxonomy.ttl,48f3fb4bf2fa1dd475df4f4e2289430c36427c49e9538730533382a3ef875467,D:\Dev\Work\OntoUMLRepository\falduci2022non-consensual-pornography\ontology.ttl,0d9a9cc8ede8ecec8454fa49ae4b2b0dc8edb494fef9192eb103d65af0d160aa
D:\Dev\Work\OntCatOWL-Tester\catalog\falduci2022non-consensual-pornography\classes_data.csv,3dd0470c1ec15fd0da1e4d738d0c305e89fdd7bb85ba346814347158458ba4dc,D:\Dev\Work\OntoUMLRepository\falduci2022non-consensual-pornography\ontology.ttl,0d9a9cc8ede8ecec8454fa49ae4b2b0dc8edb494fef9192eb103d65af0d160aa
D:\Dev\Work\OntCatOWL-Tester\catalog\fernandez-cejas2022curie-o\taxonomy.ttl,b3b93eb22f454a62474b4ce1c404ff13ac6c0a71a3408ec7bf37367704d841f9,D:\Dev\Work\OntoUMLRepository\fernandez-cejas2022curie-o\ontology.ttl,7829017e77d27629e20932941dae93b3655a23d280dc639db1a02c7120b8f680
D:\Dev\Work\OntCatOWL-Tester\catalog\fernandez-cejas2022curie-o\classes_data.csv,cc0986d9587395c0c24b3e720cbea6494858af428234da12502ca433d2db514b,D:\Dev\Work\OntoUMLRepository\fernandez-cejas2022curie-o\ontology.ttl,7829017e77d27629e20932941dae93b3655a23d280dc639db1a02c7120b8f680
D:\Dev\Work\OntCatOWL-Tester\catalog\ferreira2015ontoemergeplan\taxonomy.ttl,c737569a31b5d235e577e04abadf5e87fc4391dc8d35f3b3611cdcbeab34bcb9,D:\Dev\Work\OntoUMLRepository\ferreira2015ontoemergeplan\ontology.ttl,09296be34d2ca4f0724611425f2c0cfa4fbbc5176561f3972455eeacaf7a3c07
D:\Dev\Work\OntCatOWL-Tester\catalog\ferreira2015ontoemergeplan\classes_data.csv,b11c254bd98f78f812c2a8ef0cb57ca6dd583fd014724c6a6f76a20894f4d616,D:\Dev\Work\OntoUMLRepository\ferreira2015ontoemergeplan\ontology.ttl,09296be34d2ca4f0724611425f2c0cfa4fbbc5176561f3972455eeacaf7a3c07
D:\Dev\Work\OntCatOWL-Tester\catalog\fischer2018ontorea\taxonomy.ttl,560cf902827c4a55cc9b410d6cc946ef29d01dde45e444484b1894a9394f033a,D:\Dev\Work\OntoUMLRepository\fischer2018ontorea\ontology.ttl,15ca4288840d73d1ddf2d5bb1325eeb99a358097ba8ac3cae51abe8d6eb89c0d
D:\Dev\Work\OntCatOWL-Tester\catalog\fischer2018ontorea\classes_data.csv,1894168be0b268eb2700d19f612137650f9fb7e4dd5f08f8b86b033f5e612e83,D:\Dev\Work\OntoUMLRepository\fischer2018ontorea\ontology.ttl,15ca4288840d73d1ddf2d5bb1325eeb99a358097ba8ac3cae51abe8d6eb89c0d
D:\Dev\Work\OntCatOWL-Tester\catalog\fraller2019abc\taxonomy.ttl,a4ac9cfe6ee054fb7ac52846fd18a2da82f3ff0c6aef6e59379609efb847e491,D:\Dev\Work\OntoUMLRepository\fraller2019abc\ontology.ttl,fabba87584051567275b227a96cd96bca72f3a719e18e078fbd92c3cf450b83a
D:\Dev\Work\OntCatOWL-Tester\catalog\fraller2019abc\classes_data.csv,5b79fc7ed18f8e6d43fbff27fb72911d4129d3f45ae2cb5949b3a0e20bfce2ee,D:\Dev\Work\OntoUMLRepository\fraller2019abc\ontology.ttl,fabba87584051567275b227a96cd96bca72f3a719e18e078fbd92c3cf450b83a
D:\Dev\Work\OntCatOWL-Tester\catalog\franco2018rpg\taxonomy.ttl,294bdd20b1528018bd5f36ce6d742e47a0fb6ca9d3ca1fd0afe52dd937489b76,D:\Dev\Work\OntoUMLRepository\franco2018rpg\ontology.ttl,b280c6189181668c220d93321113cacc72bf9f713056a18534027b8171f84b4b
D:\Dev\Work\OntCatOWL-Tester\catalog\franco2018rpg\classes_data.csv,afb822e52ebe1bd14b4ebd0c3419d636f35a7c486bdcc06f63d0b9ba1ae22ddb,D:\Dev\Work\OntoUMLRepository\franco2018rpg\ontology.ttl,b280c6189181668c220d93321113cacc72bf9f713056a18534027b8171f84b4b
D:\Dev\Work\OntCatOWL-Tester\catalog\fumagalli2022criminal-investigation\taxonomy.ttl,220bd4af2af363cb5db7f2a9a115c5f14da44897cb85857d9856188f9a8ad104,D:\Dev\Work\OntoUMLRepository\fumagalli2022criminal-investigation\ontology.ttl,1dd3f9c860dcdaf7657711529a2cde79c53a4b098274edb76fadbc307f25dbd9
D:\Dev\Work\OntCatOWL-Tester\catalog\fumagalli2022criminal-investigation\classes_data.csv,28e7a6d3c8ef769b5daf4229410ef6576201080ad2daa5868b412a3bac5f707d,D:\Dev\Work\OntoUMLRepository\fumagalli2022criminal-investigation\ontology.ttl,1dd3f9c860dcdaf7657711529a2cde79c53a4b098274edb76fadbc307f25dbd9
D:\Dev\Work\OntCatOWL-Tester\catalog\g809-2015\taxonomy.ttl,08388be9d18d105d6481c1b12c5807cbd48add0b3bbcf56c912e1180df082d8e,D:\Dev\Work\OntoUMLRepository\g809-2015\ontology.ttl,7784010bf8489eb4db2b2dbcf3f64d3d3111726dc08f1ca0bdf2c6400b49d42f
D:\Dev\Work\OntCatOWL-Tester\catalog\g809-2015\classes_data.csv,40b612e73995a65aca1ec5517fda12fe11063548bbaa5b06bfe67c678650427d,D:\Dev\Work\OntoUMLRepository\g809-2015\ontology.ttl,7784010bf8489eb4db2b2dbcf3f64d3d3111726dc08f1ca0bdf2c6400b49d42f
D:\Dev\Work\OntCatOWL-Tester\catalog\garcia2022human-genome-events\taxonomy.ttl,592aeaf3d488c8db2825ccd8acc0ae92b915c2b9c9d12d037f5483cec0019e6a,D:\Dev\Work\OntoUMLRepository\garcia2022human-genome-events\ontology.ttl,2f708cb5d1d613ae68535034071296429f0879d820c7ef2e5e394abe4681ffed
D:\Dev\Work\OntCatOWL-Tester\catalog\garcia2022human-genome-events\classes_data.csv,860e2edd70302307d093d16f1b37897b1976a689c5f5761bfe18647a39456bb5,D:\Dev\Work\OntoUMLRepository\garcia2022human-genome-events\ontology.ttl,2f708cb5d1d613ae68535034071296429f0879d820c7ef2e5e394abe4681ffed
D:\Dev\Work\OntCatOWL-Tester\catalog\gi2mo\taxonomy.ttl,f2ca1682a5e9004c53095352d33660faff1d77e18a56b82efd3df0cc8cb9334e,D:\Dev\Work\OntoUMLRepository\gi2mo\ontology.ttl,f8b54383e772424e86eac96f82e2ca2e444b912e03267ef03253e9040e841b64
D:\Dev\Work\OntCatOWL-Tester\catalog\gi2mo\classes_data.csv,2143128ffccbae5404455a25a9f534bc5630996907ae2dc73d2de9df1dc3b1a6,D:\Dev\Work\OntoUMLRepository\gi2mo\ontology.ttl,f8b54383e772424e86eac96f82e2ca2e444b912e03267ef03253e9040e841b64
D:\Dev\Work\OntCatOWL-Tester\catalog\gomes2022digital-technology\taxonomy.ttl,cbc5afcea041fde427225a9006a120a208a67c37b6677dcb7de48f746a4c827d,D:\Dev\Work\OntoUMLRepository\gomes2022digital-technology\ontology.ttl,53b72694341e131e392de534266b00adf59c75ba798702106b62a5dc000d4d71
D:\Dev\Work\OntCatOWL-Tester\catalog\gomes2022digital-technology\classes_data.csv,4950d6cc22412b31a74840d43412285fe9c3d380627a68c16b7c1458e99f9dc9,D:\Dev\Work\OntoUMLRepository\gomes2022digital-technology\ontology.ttl,53b72694341e131e392de534266b00adf59c75ba798702106b62a5dc000d4d71
D:\Dev\Work\OntCatOWL-Tester\catalog\goncalves2011ecg\taxonomy.ttl,d8f18953c2a6020134cd83dc11437a27ee467369296c336186173f5fcbdf3774,D:\Dev\Work\OntoUMLRepository\goncalves2011ecg\ontology.ttl,8e57c61e0f84ace8683b20407b7b0fce53a1b7bddc770155b10e3d5dbad194c3
D:\Dev\Work\OntCatOWL-Tester\catalog\goncalves2011ecg\classes_data.csv,0f45320d2bba33b4e7bbe51b1a785949872c3b78106ae3e77a6e33de0cb1da20,D:\Dev\Work\OntoUMLRepository\goncalves2011ecg\ontology.ttl,8e57c61e0f84ace8683b20407b7b0fce53a1b7bddc770155b10e3d5dbad194c3
D:\Dev\Work\OntCatOWL-Tester\catalog\grueau2013towards\taxonomy.ttl,73e565084ec1de2c3d032845b60e8a9d3c264ecf55f6a85c3e1ebc48c7079749,D:\Dev\Work\OntoUMLRepository\grueau2013towards\ontology.ttl,3cc3d14ab662d87c48e7b4033dad1973fac0579701bb99b957ccdcceec6bd778
D:\Dev\Work\OntCatOWL-Tester\catalog\grueau2013towards\classes_data.csv,30274ee524d8c029724ff4f1c9d20e5bc09e9d5276f76002e7410311b96364c0,D:\Dev\Work\OntoUMLRepository\grueau2013towards\ontology.ttl,3cc3d14ab662d87c48e7b4033dad1973fac0579701bb99b957ccdcceec6bd778
D:\Dev\Work\OntCatOWL-Tester\catalog\guarino2016value\taxonomy.ttl,49bfcc7c61d07b600f23147cb4a1b4494316ffacae16d23371bb59f7f7d05f51,D:\Dev\Work\OntoUMLRepository\guarino2016value\ontology.ttl,870368e3c1ac64c8459af892c8c9641c23a64d35735843cdb39d880465d9717d
D:\Dev\Work\OntCatOWL-Tester\catalog\guarino2016value\classes_data.csv,3c58936337daddccdc57619f399aa8c51c22fe07d506a2c6f109b982b3160731,D:\Dev\Work\OntoUMLRepository\guarino2016value\ontology.ttl,870368e3c1ac64c8459af892c8c9641c23a64d35735843cdb39d880465d9717d
D:\Dev\Work\OntCatOWL-Tester\catalog\guarino2018rea\taxonomy.ttl,7c14adf100bf51c1f9b82dcb664be37417e12b8e9c9824ec00bd9bd59b70ba62,D:\Dev\Work\OntoUMLRepository\guarino2018rea\ontology.ttl,af52a6d94a92a42d5194bb7e5ea661fa9cece91a0ce3ccb1b5f7a04717958c65
D:\Dev\Work\OntCatOWL-Tester\catalog\guarino2018rea\classes_data.csv,6c5f8b94882394b483d22f03dace93af7de059d6f191aaaacffb32e828e8e826,D:\Dev\Work\OntoUMLRepository\guarino2018rea\ontology.ttl,af52a6d94a92a42d5194bb7e5ea661fa9cece91a0ce3ccb1b5f7a04717958c65
D:\Dev\Work\OntCatOWL-Tester\catalog\guizzardi2005ontological\taxonomy.ttl,9a25d2fc63dc9084ca7a36f815e70f0ed3a3400a7695e6a34d5c8fc859220de7,D:\Dev\Work\OntoUMLRepository\guizzardi2005ontological\ontology.ttl,14a68babd1369b73d93305af9a7ada7e78e43f23c943a74c35b818258582f245
D:\Dev\Work\OntCatOWL-Tester\catalog\guizzardi2005ontological\classes_data.csv,291c487b7b97c6f8e561e51401a28d49da90ab343751922d29d4b766ba44cc38,D:\Dev\Work\OntoUMLRepository\guizzardi2005ontological\ontology.ttl,14a68babd1369b73d93305af9a7ada7e78e43f23c943a74c35b818258582f245
D:\Dev\Work\OntCatOWL-Tester\catalog\guizzardi2020decision-making\taxonomy.ttl,7bca45d7a626a3413afeffb637fc5b69ce2a8ebf9b9d954a642dba61d167a1a0,D:\Dev\Work\OntoUMLRepository\guizzardi2020decision-making\ontology.ttl,fa4358262a8027b039a5a8837c4f72c0cbc311ee228cec831bb7b2d4c86809f8
D:\Dev\Work\OntCatOWL-Tester\catalog\guizzardi2020decision-making\classes_data.csv,be6e97d91a8105a6146e27b72ab1530c58680e736388b8181be40d9947b8480b,D:\Dev\Work\OntoUMLRepository\guizzardi2020decision-making\ontology.ttl,fa4358262a8027b039a5a8837c4f72c0cbc311ee228cec831bb7b2d4c86809f8
D:\Dev\Work\OntCatOWL-Tester\catalog\haridy2021egyptian-e-government\taxonomy.ttl,e81c45decf334e694c985cd5d6a8c973bdd29854bb9afc272725236ac8863b11,D:\Dev\Work\OntoUMLRepository\haridy2021egyptian-e-government\ontology.ttl,0c2bb1ced82d52d1bd34b317dc28c8c6b388f5eca5068501cd79e6712b794f79
D:\Dev\Work\OntCatOWL-Tester\catalog\haridy2021egyptian-e-government\classes_data.csv,2f3471d46b4d7b2d784d4c42ead60246b7c1734817e34743faf788847df85bd7,D:\Dev\Work\OntoUMLRepository\haridy2021egyptian-e-government\ontology.ttl,0c2bb1ced82d52d1bd34b317dc28c8c6b388f5eca5068501cd79e6712b794f79
D:\Dev\Work\OntCatOWL-Tester\catalog\health-organizations\taxonomy.ttl,b73124f1afe1688f60b798a5d8e843c437a36fb1e412f35c99a7ff174c925f3e,D:\Dev\Work\OntoUMLRepository\health-organizations\ontology.ttl,a5b162a2a97bfbcf1beb4da535ba3fa15c089e49f38180c71765a9d604484757
D:\Dev\Work\OntCatOWL-Tester\catalog\health-organizations\classes_data.csv,5f9236f6ba202a5ed8d8858ded71b215d55deb9a79784b958ce06c141c9d2a87,D:\Dev\Work\OntoUMLRepository\health-organizations\ontology.ttl,a5b162a2a97bfbcf1beb4da535ba3fa15c089e49f38180c71765a9d604484757
D:\Dev\Work\OntCatOWL-Tester\catalog\idaf2013\taxonomy.ttl,31d95d811bed61d6821babb6980571f72b19b1b47dd2d542a2f0ce1c6a61545c,D:\Dev\Work\OntoUMLRepository\idaf2013\ontology.ttl,0d07c48bdb96fb4ac05cfa53dddbbd0ba6708a4735bb4a82aa05c7ffec7d0bfb
D:\Dev\Work\OntCatOWL-Tester\catalog\idaf2013\classes_data.csv,323fe6bbc819869057ecabe032d9edf9c3761425d5f9721cdca96a840bd712d0,D:\Dev\Work\OntoUMLRepository\idaf2013\ontology.ttl,0d07c48bdb96fb4ac05cfa53dddbbd0ba6708a4735bb4a82aa05c7ffec7d0bfb
D:\Dev\Work\OntCatOWL-Tester\catalog\internal-affairs2013\taxonomy.ttl,95f772f6b76668890dff7de25194f0862cc6c26f734b07008f8fa7c8472df6e8,D:\Dev\Work\OntoUMLRepository\internal-affairs2013\ontology.ttl,39f5fdfc0b3d007c430ac720ee0f26f3535f26e7db65bfa77c2632e170ee1644
D:\Dev\Work\OntCatOWL-Tester\catalog\internal-affairs2013\classes_data.csv,8c3a24322ad674341b00b96d94a54bee13b2d2868b849bc5d958b0557cedee3b,D:\Dev\Work\OntoUMLRepository\internal-affairs2013\ontology.ttl,39f5fdfc0b3d007c430ac720ee0f26f3535f26e7db65bfa77c2632e170ee1644
D:\Dev\Work\OntCatOWL-Tester\catalog\internship\taxonomy.ttl,46441aee3bca477a6f09fd5cdd2bbcc910a90dda8a28b28e75bf9ccffaa31974,D:\Dev\Work\OntoUMLRepository\internship\ontology.ttl,bf1535d648d307463570f65a50576d2bc5a5fe47e4c6a0a765bda18fbb14bf37
D:\Dev\Work\OntCatOWL-Tester\catalog\internship\classes_data.csv,2a71b07101338904f0a5da08f3d5a96a3c86500611947f40850f0d02e8626c4a,D:\Dev\Work\OntoUMLRepository\internship\ontology.ttl,bf1535d648d307463570f65a50576d2bc5a5fe47e4c6a0a765bda18fbb14bf37
D:\Dev\Work\OntCatOWL-Tester\catalog\it-infrastructure\taxonomy.ttl,1f799a97de4fc67714941d367fbab0fbb5bf80bef5b1ce0e5358c50d456c6d2e,D:\Dev\Work\OntoUMLRepository\it-infrastructure\ontology.ttl,29f54754661559ac2347389ee3f71b1a622aa5c0406f7cb5f9b6af6c5e1e59fa
D:\Dev\Work\OntCatOWL-Tester\catalog\it-infrastructure\classes_data.csv,e7cfd33266ddef4d0f106ff8963e2e07c3d909a97cfe32ae31a028f72adb2ac1,D:\Dev\Work\OntoUMLRepository\it-infrastructure\ontology.ttl,29f54754661559ac2347389ee3f71b1a622aa5c0406f7cb5f9b6af6c5e1e59fa
D:\Dev\Work\OntCatOWL-Tester\catalog\jacobs2022sdpontology\taxonomy.ttl,6bdbd0c46e927a83b5343055f559b45e647ede0801f75bd378f4b2dbe2612439,D:\Dev\Work\OntoUMLRepository\jacobs2022sdpontology\ontology.ttl,8fe81b02efca04ca2a7ef72c980b9b3c811f3e465b746ee25aa54494ff632e6a
D:\Dev\Work\OntCatOWL-Tester\catalog\jacobs2022sdpontology\classes_data.csv,b2433f8fb02ddebfcaa7c4a143d7591839d654238e74273bd1da3d8f4f523560,D:\Dev\Work\OntoUMLRepository\jacobs2022sdpontology\ontology.ttl,8fe81b02efca04ca2a7ef72c980b9b3c811f3e465b746ee25aa54494ff632e6a
D:\Dev\Work\OntCatOWL-Tester\catalog\junior2018o4c\taxonomy.ttl,2f0c2b826d0f551d374ea274219ee69522011f05fa7efbf9d06ad70ebbcb6951,D:\Dev\Work\OntoUMLRepository\junior2018o4c\ontology.ttl,36f687794f6e4ffb10281ae7c728df1d58c21a1591c04322a19474fb804f97f8
D:\Dev\Work\OntCatOWL-Tester\catalog\junior2018o4c\classes_data.csv,ca2d37c405a90c6a925e5d6929f16fa25b3d5074d6fda141533e2e8044300bad,D:\Dev\Work\OntoUMLRepository\junior2018o4c\ontology.ttl,36f687794f6e4ffb10281ae7c728df1d58c21a1591c04322a19474fb804f97f8
D:\Dev\Work\OntCatOWL-Tester\catalog\khantong2020ontology\taxonomy.ttl,2bfb9c17072cb92da763df38546f538860a57d63a8aa9fa24c662eec322ca06e,D:\Dev\Work\OntoUMLRepository\khantong2020ontology\ontology.ttl,bd52980840b97b05b339f1f3881a32f459c9dd1e3639e18c0225ca7eaf016610
D:\Dev\Work\OntCatOWL-Tester\catalog\khantong2020ontology\classes_data.csv,8c0db75ef42118e24bf0efb2e031dccbd11e133ba4b62b93dd4dbc02062e6157,D:\Dev\Work\OntoUMLRepository\khantong2020ontology\ontology.ttl,bd52980840b97b05b339f1f3881a32f459c9dd1e3639e18c0225ca7eaf016610
D:\Dev\Work\OntCatOWL-Tester\catalog\kostov2017towards\taxonomy.ttl,6ea4e9d93846268553297ce10edde302c1ba84c17f9b354c0e7f806cf1d5e2aa,D:\Dev\Work\OntoUMLRepository\kostov2017towards\ontology.ttl,183b4aad8251eb8727db28ff924897f43fc9a383c133473706f4f77a1d75d185
D:\Dev\Work\OntCatOWL-Tester\catalog\kostov2017towards\classes_data.csv,e96ff823941926f7fb4c292f2254456f78b262ed04a1def43c598205ba5886eb,D:\Dev\Work\OntoUMLRepository\kostov2017towards\ontology.ttl,183b4aad8251eb8727db28ff924897f43fc9a383c133473706f4f77a1d75d185
D:\Dev\Work\OntCatOWL-Tester\catalog\kritz2020ontobg\taxonomy.ttl,a1590a9bdc92b594409325f1b41d4d31894395806de81aa7253e6d22bcda5ca9,D:\Dev\Work\OntoUMLRepository\kritz2020ontobg\ontology.ttl,d258fa8282b2ec72ed5514209886ab016da9e86163313151e0f3d91daddd0d67
D:\Dev\Work\OntCatOWL-Tester\catalog\kritz2020ontobg\classes_data.csv,08688424f0f5bc37a87f255e63ebdd86d6ed3e879b73817d937263da2434eb20,D:\Dev\Work\OntoUMLRepository\kritz2020ontobg\ontology.ttl,d258fa8282b2ec72ed5514209886ab016da9e86163313151e0f3d91daddd0d67
D:\Dev\Work\OntCatOWL-Tester\catalog\laurier2018rea\taxonomy.ttl,29ea53e2533cfb078c2c2339ccaf822dd68fb5b27d5d668f8c9638fbf24fa296,D:\Dev\Work\OntoUMLRepository\laurier2018rea\ontology.ttl,2f862cb44de647b63caf0af6ee44ad24c5c53c2bfc04deb23e6b4743cc5f3865
D:\Dev\Work\OntCatOWL-Tester\catalog\laurier2018rea\classes_data.csv,78acf940f4411630f900f2e945ee20aeb71f58f474ef7aa2f78893f28eb1b0dc,D:\Dev\Work\OntoUMLRepository\laurier2018rea\ontology.ttl,2f862cb44de647b63caf0af6ee44ad24c5c53c2bfc04deb23e6b4743cc5f3865
D:\Dev\Work\OntCatOWL-Tester\catalog\library\taxonomy.ttl,effe88802157d1d4929c55401668abb77041d635147d14d563bbb40f6209e8c5,D:\Dev\Work\OntoUMLRepository\library\ontology.ttl,86786148e9be914768a422b76cd804bccb3d8158341c0e8985de9d8fcb00883c
D:\Dev\Work\OntCatOWL-Tester\catalog\library\classes_data.csv,bd90ee569cd6314d46f567d3ad5a1bf015d4e1d2e601e221fbca7d0cac6b89cf,D:\Dev\Work\OntoUMLRepository\library\ontology.ttl,86786148e9be914768a422b76cd804bccb3d8158341c0e8985de9d8fcb00883c
D:\Dev\Work\OntCatOWL-Tester\catalog\lindeberg2022full-ontorights\taxonomy.ttl,6be7fc91481227888915cb123eb20c385194e4cf02a49cb2a80733a6579d205a,D:\Dev\Work\OntoUMLRepository\lindeberg2022full-ontorights\ontology.ttl,0b46e81189dcb1cdfca8b7448b7541dd36607e2bb399366bc0eabafb3a35b923
D:\Dev\Work\OntCatOWL-Tester\catalog\lindeberg2022full-ontorights\classes_data.csv,c4ec4a3ad7473ff8252779f0b87b4449645d9ea8f30e90b411eeb759833be345,D:\Dev\Work\OntoUMLRepository\lindeberg2022full-ontorights\ontology.ttl,0b46e81189dcb1cdfca8b7448b7541dd36607e2bb399366bc0eabafb3a35b923
D:\Dev\Work\OntCatOWL-Tester\catalog\maddalena2021ontocovid\taxonomy.ttl,38ca20e8d84e8524366122aae972fd2b7e25c1051f0eee3a45cad5283d7b6890,D:\Dev\Work\OntoUMLRepository\maddalena2021ontocovid\ontology.ttl,8a0b7b03d2a1bb6682b2c5f1df5ad8140955d1e2d8ff54c6c6b23666708e5e6a
D:\Dev\Work\OntCatOWL-Tester\catalog\maddalena2021ontocovid\classes_data.csv,59a003409c3cc4000b1a153de24c45688bcc2936fda80d131bf40a01a9d1523b,D:\Dev\Work\OntoUMLRepository\maddalena2021ontocovid\ontology.ttl,8a0b7b03d2a1bb6682b2c5f1df5ad8140955d1e2d8ff54c6c6b23666708e5e6a
D:\Dev\Work\OntCatOWL-Tester\catalog\martinez2013human-genome\taxonomy.ttl,b273fe17cbb35f8d7760889fbfede17e05ec0da18d4863e0d5e0d0b9ef1f8089,D:\Dev\Work\OntoUMLRepository\martinez2013human-genome\ontology.ttl,89ca905b93fba448e75e79de0c597b92c4d37572eb21e8119eb7103e9f03a8d7
D:\Dev\Work\OntCatOWL-Tester\catalog\martinez2013human-genome\classes_data.csv,286f3c90cf43f12fa65420aa7fc329b00c274d2136919d408257a8d4e790d3a4,D:\Dev\Work\OntoUMLRepository\martinez2013human-genome\ontology.ttl,89ca905b93fba448e75e79de0c597b92c4d37572eb21e8119eb7103e9f03a8d7
D:\Dev\Work\OntCatOWL-Tester\catalog\mgic-antt2011\taxonomy.ttl,55fbd1a68aa09c3aeebb906fc1b284cd75613a38e681635e781520f7b6acb5ad,D:\Dev\Work\OntoUMLRepository\mgic-antt2011\ontology.ttl,fcb1b4a9ebb05bcb8d964191e5c991506e6c4fa5861d455a5722436587584cba
D:\Dev\Work\OntCatOWL-Tester\catalog\mgic-antt2011\classes_data.csv,a4d13548ce143adfdab7d4b50c0bea88ab8d24b8eba129f211893ae0c24234d4,D:\Dev\Work\OntoUMLRepository\mgic-antt2011\ontology.ttl,fcb1b4a9ebb05bcb8d964191e5c991506e6c4fa5861d455a5722436587584cba
D:\Dev\Work\OntCatOWL-Tester\catalog\moreira2018saref4health\taxonomy.ttl,17b7277980d195a8fb32b5df6ea12b472d033b27feeaeeee98fb2d22dfed4b9b,D:\Dev\Work\OntoUMLRepository\moreira2018saref4health\ontology.ttl,d653e28f928b813757fd14b2d4c9db0d9308f07b257b9b3063ee4d4649effbc6
D:\Dev\Work\OntCatOWL-Tester\catalog\moreira2018saref4health\classes_data.csv,68082f792969d867c9885b2f7b08d1a75992e3288ae8236e2116fa03eca159f8,D:\Dev\Work\OntoUMLRepository\moreira2018saref4health\ontology.ttl,d653e28f928b813757fd14b2d4c9db0d9308f07b257b9b3063ee4d4649effbc6
D:\Dev\Work\OntCatOWL-Tester\catalog\music-ontology\taxonomy.ttl,7064725624858c1fb0533f100382e91d1fe740ea26374490b3df0b56008730ef,D:\Dev\Work\OntoUMLRepository\music-ontology\ontology.ttl,6be4ee391615f4407d3580186108d39822f791ec0e76a3991d0651d2998f4af4
D:\Dev\Work\OntCatOWL-Tester\catalog\music-ontology\classes_data.csv,0d61b1626f689c8abc27f990cb4a951be76b3ad7c2b2dbae48c78157de37f998,D:\Dev\Work\OntoUMLRepository\music-ontology\ontology.ttl,6be4ee391615f4407d3580186108d39822f791ec0e76a3991d0651d2998f4af4
D:\Dev\Work\OntCatOWL-Tester\catalog\nardi2015ufo-s\taxonomy.ttl,2a8e65c571d48d09c0db24cc797d2fc85ade5b6190db195d3b793b77daa6640f,D:\Dev\Work\OntoUMLRepository\nardi2015ufo-s\ontology.ttl,7405cc967e0dbf9fe576fb710004c0ae61dd03a52d0a394001e96d7e6cfbdb2c
D:\Dev\Work\OntCatOWL-Tester\catalog\nardi2015ufo-s\classes_data.csv,2af8cd4587092dbfdd660ffc0b9a9e128d836e2e3776609ed21f2580e75caec0,D:\Dev\Work\OntoUMLRepository\nardi2015ufo-s\ontology.ttl,7405cc967e0dbf9fe576fb710004c0ae61dd03a52d0a394001e96d7e6cfbdb2c
D:\Dev\Work\OntCatOWL-Tester\catalog\neves2020nwpontology\taxonomy.ttl,b9307cd6b3de7c20c14bdeddb7af13ffb8fe86f2b79657887dde57f2e10d5309,D:\Dev\Work\OntoUMLRepository\neves2020nwpontology\ontology.ttl,dd18b7007ed62c754d43928222cdd5db3e6e39c0da00ef8ddd3fe9669bcc594f
D:\Dev\Work\OntCatOWL-Tester\catalog\neves2020nwpontology\classes_data.csv,081d65e6f2a813a9789da898a83913a39905ce3a9f9a764f4a87fbd4c9d41eea,D:\Dev\Work\OntoUMLRepository\neves2020nwpontology\ontology.ttl,dd18b7007ed62c754d43928222cdd5db3e6e39c0da00ef8ddd3fe9669bcc594f
D:\Dev\Work\OntCatOWL-Tester\catalog\neves2021grain-production\taxonomy.ttl,f0cfc624fc6cfcb2cdd698e5c974d1dd29f613e735068c86170e5654245a5136,D:\Dev\Work\OntoUMLRepository\neves2021grain-production\ontology.ttl,d46c0e6ba3374d20d0cbbfeed35aec8cb1785a3f726672f99f71391c3bdb0f0e
D:\Dev\Work\OntCatOWL-Tester\catalog\neves2021grain-production\classes_data.csv,64ea475c76e492e72dd0799dd5392d511ac76b65623cc1588a48b7bc112d896f,D:\Dev\Work\OntoUMLRepository\neves2021grain-production\ontology.ttl,d46c0e6ba3374d20d0cbbfeed35aec8cb1785a3f726672f99f71391c3bdb0f0e
D:\Dev\Work\OntCatOWL-Tester\catalog\niederkofler2019dssapple\taxonomy.ttl,6990cb228e6f67eebbf0c89f54bf51e183032eef12832c6270a4038ab91a46d1,D:\Dev\Work\OntoUMLRepository\niederkofler2019dssapple\ontology.ttl,0e9c6e4e7acb0f07a4775f59827cecd34b991626f3fca04c65d14015a6246a34
D:\Dev\Work\OntCatOWL-Tester\catalog\niederkofler2019dssapple\classes_data.csv,ed3d01c44c70645cf9794ca75cb15ade78c942f1dd124c311d3ab9a69a72bfd7,D:\Dev\Work\OntoUMLRepository\niederkofler2019dssapple\ontology.ttl,0e9c6e4e7acb0f07a4775f59827cecd34b991626f3fca04c65d14015a6246a34
D:\Dev\Work\OntCatOWL-Tester\catalog\oliveira2007collaboration\taxonomy.ttl,572be3a374ab3c0f2c69e2ca4f3ef3770818e98d7dcb140e80910d7be222c442,D:\Dev\Work\OntoUMLRepository\oliveira2007collaboration\ontology.ttl,cb85f469caaa5f2c3ec8f416345430e46983c4f37a18ca6a5f0eb7fd80318767
D:\Dev\Work\OntCatOWL-Tester\catalog\oliveira2007collaboration\classes_data.csv,c1d10eb46365f5622756295d3645fbebb3393a684407723864366fac1db96ca5,D:\Dev\Work\OntoUMLRepository\oliveira2007collaboration\ontology.ttl,cb85f469caaa5f2c3ec8f416345430e46983c4f37a18ca6a5f0eb7fd80318767
D:\Dev\Work\OntCatOWL-Tester\catalog\oliveira2022rose\taxonomy.ttl,8ab8e27ac3a7faea2ace6f8276b2daa0085e0d0b5a4a8bf3ece3f9b6f6fcface,D:\Dev\Work\OntoUMLRepository\oliveira2022rose\ontology.ttl,b37d04fbaf75b2838e09ec0c9faf5959da09c48661ed4731c2711990e8d5403b
D:\Dev\Work\OntCatOWL-Tester\catalog\oliveira2022rose\classes_data.csv,2a2f41dd5f0e35cc5e6301b107f2c653381e4c529e2dc1ceb91e706d65936b76,D:\Dev\Work\OntoUMLRepository\oliveira2022rose\ontology.ttl,b37d04fbaf75b2838e09ec0c9faf5959da09c48661ed4731c2711990e8d5403b
D:\Dev\Work\OntCatOWL-Tester\catalog\online-mentoring\taxonomy.ttl,dc88cdb593a16c00f9f40eb6ad0e166683a9f88109edf61ba752bbbec5142df6,D:\Dev\Work\OntoUMLRepository\online-mentoring\ontology.ttl,3af41b31e6be690a48d164b61fe6746afdf853413dc820e16cc29a661e45a606
D:\Dev\Work\OntCatOWL-Tester\catalog\online-mentoring\classes_data.csv,99717a8f71f3193b2099f24df337ea3d2e472966379588decb3f7da11abf7fac,D:\Dev\Work\OntoUMLRepository\online-mentoring\ontology.ttl,3af41b31e6be690a48d164b61fe6746afdf853413dc820e16cc29a661e45a606
D:\Dev\Work\OntCatOWL-Tester\catalog\pereira2015doacao-orgaos\taxonomy.ttl,e49e30072d9d8a91b6da2a8dc61755c500c12f2e4c16ac11b289eb5fe7c52c56,D:\Dev\Work\OntoUMLRepository\pereira2015doacao-orgaos\ontology.ttl,1c5dfa2cb8162fc77de62de0c5108cbfa892c94cf8b00c9ce8a401459179bc00
D:\Dev\Work\OntCatOWL-Tester\catalog\pereira2015doacao-orgaos\classes_data.csv,020339734a84993b102f075e01e566550ddcc80a1b08acf364071b335db70dd5,D:\Dev\Work\OntoUMLRepository\pereira2015doacao-orgaos\ontology.ttl,1c5dfa2cb8162fc77de62de0c5108cbfa892c94cf8b00c9ce8a401459179bc00
D:\Dev\Work\OntCatOWL-Tester\catalog\photography\taxonomy.ttl,b7e9c954f45575aa5f1b2cd3e3a1e7ea598c4cb2772a4ad8d381d97c7f9e3e2c,D:\Dev\Work\OntoUMLRepository\photography\ontology.ttl,0e4a59f0825fbc298af09e53adcf3c5abee4c76eaccdf29a06992b7270a2d4aa
D:\Dev\Work\OntCatOWL-Tester\catalog\photography\classes_data.csv,3a8f9f3ffec23e67f60aae972c77a408050cf48d21ffebdcb75a5fe2afbd655f,D:\Dev\Work\OntoUMLRepository\photography\ontology.ttl,0e4a59f0825fbc298af09e53adcf3c5abee4c76eaccdf29a06992b7270a2d4aa
D:\Dev\Work\OntCatOWL-Tester\catalog\plato-ontology2019\taxonomy.ttl,4eebeb4c9495950ae6ded09c6a062f7c387018f299475063131683b1e8694c93,D:\Dev\Work\OntoUMLRepository\plato-ontology2019\ontology.ttl,750128f1be2523cdc99392943b0529b964ae17042f1623a33f2f2369a48048c7
D:\Dev\Work\OntCatOWL-Tester\catalog\plato-ontology2019\classes_data.csv,f30431319d29952292c0f77b3c03d950373e857ccba7959593357c85ac2d2c40,D:\Dev\Work\OntoUMLRepository\plato-ontology2019\ontology.ttl,750128f1be2523cdc99392943b0529b964ae17042f1623a33f2f2369a48048c7
D:\Dev\Work\OntCatOWL-Tester\catalog\porello2020coex\taxonomy.ttl,070b3d958f1700b1d81edbd0fa07e0ccfa69b0e0f292ca5c8c96d74fb2190a64,D:\Dev\Work\OntoUMLRepository\porello2020coex\ontology.ttl,7786c993ff2087112d32e35a417a40e709d7c907e2cfc5f7fd5b52070b6d5803
D:\Dev\Work\OntCatOWL-Tester\catalog\porello2020coex\classes_data.csv,f0cbf3776f8f58ff21331084d96f94e5e7b9de1e8c7335d54fc82097cc28ba3f,D:\Dev\Work\OntoUMLRepository\porello2020coex\ontology.ttl,7786c993ff2087112d32e35a417a40e709d7c907e2cfc5f7fd5b52070b6d5803
D:\Dev\Work\OntCatOWL-Tester\catalog\ppo-o2021\taxonomy.ttl,33642390d206c4da5ef4779db69f84cb0a8bb88c6fac3eda220aaf957b2325d6,D:\Dev\Work\OntoUMLRepository\ppo-o2021\ontology.ttl,0f0bb9c970f802af476c9decf0f6a6792c1a7086f1e3c2963eaf9eccc72784b8
D:\Dev\Work\OntCatOWL-Tester\catalog\ppo-o2021\classes_data.csv,e0a68e201a8b72cca90be96397f2f4ad9f838ef8d930fd8f994912e8eff5d69b,D:\Dev\Work\OntoUMLRepository\ppo-o2021\ontology.ttl,0f0bb9c970f802af476c9decf0f6a6792c1a7086f1e3c2963eaf9eccc72784b8
D:\Dev\Work\OntCatOWL-Tester\catalog\project-management-ontology\taxonomy.ttl,14c05b17ebaabe660f93322fea74e76bd38602089ebe7ffe8185ee8e9eb7ec2b,D:\Dev\Work\OntoUMLRepository\project-management-ontology\ontology.ttl,e3defb9e68044d0cc1850128c13249d40873db632af02d6cce386274e4d7f530
D:\Dev\Work\OntCatOWL-Tester\catalog\project-management-ontology\classes_data.csv,b083de6fd49a5b98d2d943d255910b974ce62d309c7495a1f01531bd18f1128f,D:\Dev\Work\OntoUMLRepository\project-management-ontology\ontology.ttl,e3defb9e68044d0cc1850128c13249d40873db632af02d6cce386274e4d7f530
D:\Dev\Work\OntCatOWL-Tester\catalog\public-expense-ontology2020\taxonomy.ttl,acabf89a7e21fdd107019ef61c22a6068eebea02f51500dad5b016e2e75b1216,D:\Dev\Work\OntoUMLRepository\public-expense-ontology2020\ontology.ttl,d5e03bf86cfb10838e38dfbd52fd5e708458c79fac93cfa3dd5231ef19c39f77
D:\Dev\Work\OntCatOWL-Tester\catalog\public-expense-ontology2020\classes_data.csv,c51207ebc2ab656afeefda069f89962d6b20ef2ec80b1a94dcba140a005d5f05,D:\Dev\Work\OntoUMLRepository\public-expense-ontology2020\ontology.ttl,d5e03bf86cfb10838e38dfbd52fd5e708458c79fac93cfa3dd5231ef19c39f77
D:\Dev\Work\OntCatOWL-Tester\catalog\public-tender\taxonomy.ttl,0ca48e25d771a6924f21c0dab92ebd3921e1904f06cc7f538886b82d99c07ef6,D:\Dev\Work\OntoUMLRepository\public-tender\ontology.ttl,7c6ba626820fc7e87a957967fcb39365a8f35b515c649421924fc76e1abef353
D:\Dev\Work\OntCatOWL-Tester\catalog\public-tender\classes_data.csv,201d70b191be170c029e635a18f42ce592f6824541cdd8d34b0d5110ec0ef4ee,D:\Dev\Work\OntoUMLRepository\public-tender\ontology.ttl,7c6ba626820fc7e87a957967fcb39365a8f35b515c649421924fc76e1abef353
D:\Dev\Work\OntCatOWL-Tester\catalog\qam\taxonomy.ttl,468447f2b4cf72bf6f3119e12ba2222d4761a5c6f8562e86778f996ed91e016e,D:\Dev\Work\OntoUMLRepository\qam\ontology.ttl,626aabce08821e8cd631d539abf8d5afe736689ac3e0d90af0213aacea96a993
D:\Dev\Work\OntCatOWL-Tester\catalog\qam\classes_data.csv,bd479e4d7cb04d23c46b5787f257ca592740809db4a6881815cab6cf4ce438e0,D:\Dev\Work\OntoUMLRepository\qam\ontology.ttl,626aabce08821e8cd631d539abf8d5afe736689ac3e0d90af0213aacea96a993
D:\Dev\Work\OntCatOWL-Tester\catalog\ramirez2015userfeedback\taxonomy.ttl,b9bfc3ad2dfd880f6bff5c45d9ebc6ec699936ab023ec284eef7648a756a2d08,D:\Dev\Work\OntoUMLRepository\ramirez2015userfeedback\ontology.ttl,f47917ed6179c3078a9f0bdc8fb5153d09a2887d52fc118bc717d2a9202b0ac0
D:\Dev\Work\OntCatOWL-Tester\catalog\ramirez2015userfeedback\classes_data.csv,369a9ab7fcbaf70673d00bcdd3d0e5301185644a7d0548d70191df710b38b9ce,D:\Dev\Work\OntoUMLRepository\ramirez2015userfeedback\ontology.ttl,f47917ed6179c3078a9f0bdc8fb5153d09a2887d52fc118bc717d2a9202b0ac0
D:\Dev\Work\OntCatOWL-Tester\catalog\ramos2021bias\taxonomy.ttl,32e30d040c77cbc323fdae65d06c2529faadfb75f4be9ae5707708d49f62dca0,D:\Dev\Work\OntoUMLRepository\ramos2021bias\ontology.ttl,8e3b44d744e43f718c1fbe1af3d23c312814b5a0184a83a6798e28884c5a3045
D:\Dev\Work\OntCatOWL-Tester\catalog\ramos2021bias\classes_data.csv,0ca0d5f1e7bf63c1955f92f091f8b05db92e905c16a1464dbf40c968f64e52c1,D:\Dev\Work\OntoUMLRepository\ramos2021bias\ontology.ttl,8e3b44d744e43f718c1fbe1af3d23c312814b5a0184a83a6798e28884c5a3045
D:\Dev\Work\OntCatOWL-Tester\catalog\real-estate-ontology\taxonomy.ttl,e87a22cc608d495be3996108c1e62d738bdab1b494c75702aaec594bafe5f267,D:\Dev\Work\OntoUMLRepository\real-estate-ontology\ontology.ttl,f20846c4cff304cea688e4ca8aaa41be4f7aaefb086340a0c81555ee4f81a6ca
D:\Dev\Work\OntCatOWL-Tester\catalog\real-estate-ontology\classes_data.csv,8e0f9e30f66e99ab1c46d43d6c5116a7119a8f10664d1e44d15ff74b16488a99,D:\Dev\Work\OntoUMLRepository\real-estate-ontology\ontology.ttl,f20846c4cff304cea688e4ca8aaa41be4f7aaefb086340a0c81555ee4f81a6ca
D:\Dev\Work\OntCatOWL-Tester\catalog\recommendation-ontology\taxonomy.ttl,c8226976972ca06034e02e02d7ff87749a672a23f4175092cbcee4d51ded4fa0,D:\Dev\Work\OntoUMLRepository\recommendation-ontology\ontology.ttl,edb1f29301f3ac9dc2d4c375b38b086cd6d84daf2bb0e9869c5585baa846e045
D:\Dev\Work\OntCatOWL-Tester\catalog\recommendation-ontology\classes_data.csv,fb6f8fdfd7e298caa0e398bdaa630034fc08f2591771729b3492a067d90d7f02,D:\Dev\Work\OntoUMLRepository\recommendation-ontology\ontology.ttl,edb1f29301f3ac9dc2d4c375b38b086cd6d84daf2bb0e9869c5585baa846e045
D:\Dev\Work\OntCatOWL-Tester\catalog\repa2021public-administration\taxonomy.ttl,d714e1e5e1f39480245304173785aaa22793795a9529848f6619d052027f7284,D:\Dev\Work\OntoUMLRepository\repa2021public-administration\ontology.ttl,65c36b24a81f82f268a6097b2dd7e10a169f0d7beca148645397cb6064be16a8
D:\Dev\Work\OntCatOWL-Tester\catalog\repa2021public-administration\classes_data.csv,5c8d5359849696bf139a51f4c89734720594ac057af6222c9ef08bee5a8d73a9,D:\Dev\Work\OntoUMLRepository\repa2021public-administration\ontology.ttl,65c36b24a81f82f268a6097b2dd7e10a169f0d7beca148645397cb6064be16a8
D:\Dev\Work\OntCatOWL-Tester\catalog\rodrigues2017urinary-profiles\taxonomy.ttl,8db63fb321f134d05fd52937d1ca510388934f1a6da14075c62efc16df4e1009,D:\Dev\Work\OntoUMLRepository\rodrigues2017urinary-profiles\ontology.ttl,206b77634d2d3edbe5868b887f00731dfb01cafcdd65b1a4d84069d61ade68c1
D:\Dev\Work\OntCatOWL-Tester\catalog\rodrigues2017urinary-profiles\classes_data.csv,f58a2fad56f5cb5726c02b18911409d8d3fa134926d229fb041aa9ae780ae06d,D:\Dev\Work\OntoUMLRepository\rodrigues2017urinary-profiles\ontology.ttl,206b77634d2d3edbe5868b887f00731dfb01cafcdd65b1a4d84069d61ade68c1
D:\Dev\Work\OntCatOWL-Tester\catalog\rodrigues2019turbidite\taxonomy.ttl,f104fcf9b6bb45ad1ea103825404915de0f70514985ab33d61edb1b765b63d3e,D:\Dev\Work\OntoUMLRepository\rodrigues2019turbidite\ontology.ttl,c4dffb7197456b77b321b15a572c7d7d406eaed327f3a55774dd14f9fc823136
D:\Dev\Work\OntCatOWL-Tester\catalog\rodrigues2019turbidite\classes_data.csv,4f350c6065220c6c7b52761bb1cbc31808850229940109177cb3621c382b82cd,D:\Dev\Work\OntoUMLRepository\rodrigues2019turbidite\ontology.ttl,c4dffb7197456b77b321b15a572c7d7d406eaed327f3a55774dd14f9fc823136
D:\Dev\Work\OntCatOWL-Tester\catalog\sales2018competition\taxonomy.ttl,bfe28895ddb4b0151c22457de4b2faf9b2a17dfe0798ea55002147b34121d146,D:\Dev\Work\OntoUMLRepository\sales2018competition\ontology.ttl,0473f091e0a7dfbcf6cb30eb2dd2c4a7ed0e2e38c1e8763a8301f1a85d8010f4
D:\Dev\Work\OntCatOWL-Tester\catalog\sales2018competition\classes_data.csv,e75ca3555a98fc2a9ae4262ad18738234237ff3d2d529837e395483e207a7d55,D:\Dev\Work\OntoUMLRepository\sales2018competition\ontology.ttl,0473f091e0a7dfbcf6cb30eb2dd2c4a7ed0e2e38c1e8763a8301f1a85d8010f4
D:\Dev\Work\OntCatOWL-Tester\catalog\sales2018cover\taxonomy.ttl,8cc584b98080afe766259b0ce918a0d3c16ac6257fca88f1d62392538782e02f,D:\Dev\Work\OntoUMLRepository\sales2018cover\ontology.ttl,070d004256e16931e3b12129447ca818bc285ca2ef116271853b45ebaff07a5b
D:\Dev\Work\OntCatOWL-Tester\catalog\sales2018cover\classes_data.csv,b4725ea79e060cd1ad594670c2ddef1d069ce8de6f74507461926cbe35801715,D:\Dev\Work\OntoUMLRepository\sales2018cover\ontology.ttl,070d004256e16931e3b12129447ca818bc285ca2ef116271853b45ebaff07a5b
D:\Dev\Work\OntCatOWL-Tester\catalog\santos2020valuenetworks\taxonomy.ttl,82580bdca36d0426aa9417b8a5d252283fe9118563fc67357e79651ac132ade0,D:\Dev\Work\OntoUMLRepository\santos2020valuenetworks\ontology.ttl,b502187687d646eee2f74dd51c6ac0d9114d679212559752c57acc86147594f3
D:\Dev\Work\OntCatOWL-Tester\catalog\santos2020valuenetworks\classes_data.csv,5584ddd712834523d2eb01da553307a5cae8570a7be97604e556f77e65f49a99,D:\Dev\Work\OntoUMLRepository\santos2020valuenetworks\ontology.ttl,b502187687d646eee2f74dd51c6ac0d9114d679212559752c57acc86147594f3
D:\Dev\Work\OntCatOWL-Tester\catalog\sikora2021online-education\taxonomy.ttl,3fe005a9ff1f37deeeac8a5625065c0b8876f67dbe7d9da8591e0f7dd6f9702e,D:\Dev\Work\OntoUMLRepository\sikora2021online-education\ontology.ttl,4313bc6558e468a10289c9ff77adc3fe5f60b4d8b8feef06abd1331bcf526499
D:\Dev\Work\OntCatOWL-Tester\catalog\sikora2021online-education\classes_data.csv,bf6da669f26a6d24b050accb66ace654460e707412f7aa30bfbcbf5cc567a482,D:\Dev\Work\OntoUMLRepository\sikora2021online-education\ontology.ttl,4313bc6558e468a10289c9ff77adc3fe5f60b4d8b8feef06abd1331bcf526499
D:\Dev\Work\OntCatOWL-Tester\catalog\silva2012itarchitecture\taxonomy.ttl,9fbbfdf2873c4b9089bbcef3b5a233cc8bf84af3fde2726ccad082d6abd5d85e,D:\Dev\Work\OntoUMLRepository\silva2012itarchitecture\ontology.ttl,bc48da017acff4f355dc9e08295368cceda2393334537ca3241d37f371bbc8a1
D:\Dev\Work\OntCatOWL-Tester\catalog\silva2012itarchitecture\classes_data.csv,2f866758d5bb02a1dbe1b84bcaaa4b27509f895b53c860509c22cabd58a7f196,D:\Dev\Work\OntoUMLRepository\silva2012itarchitecture\ontology.ttl,bc48da017acff4f355dc9e08295368cceda2393334537ca3241d37f371bbc8a1
D:\Dev\Work\OntCatOWL-Tester\catalog\silveira2021oap\taxonomy.ttl,5cf0e6d1909e13acb47d73f0366d81c6f377b6d95292fa285259fcb9c6d3b759,D:\Dev\Work\OntoUMLRepository\silveira2021oap\ontology.ttl,497b71d28b3c25df4732e20d54a0b5e9f0752ff415a155716774d9f31de2b64b
D:\Dev\Work\OntCatOWL-Tester\catalog\silveira2021oap\classes_data.csv,475e30ab852937a47cd530623abf130afef661fe9c0429c31f01a18d249f9c9f,D:\Dev\Work\OntoUMLRepository\silveira2021oap\ontology.ttl,497b71d28b3c25df4732e20d54a0b5e9f0752ff415a155716774d9f31de2b64b
D:\Dev\Work\OntCatOWL-Tester\catalog\social-contract\taxonomy.ttl,4d0779c4d0db6215ed87560e2d73e831c7afb90447e020ae7f6d49c653516195,D:\Dev\Work\OntoUMLRepository\social-contract\ontology.ttl,210791666d9cc3728a7fe3db3b471b61e32544322b9a5c664979e2c6d440f608
D:\Dev\Work\OntCatOWL-Tester\catalog\social-contract\classes_data.csv,4ab40552cd60b907c1172027a1ae01210f3dc6376685413a8a7c336ec45cce1c,D:\Dev\Work\OntoUMLRepository\social-contract\ontology.ttl,210791666d9cc3728a7fe3db3b471b61e32544322b9a5c664979e2c6d440f608
D:\Dev\Work\OntCatOWL-Tester\catalog\sousa2022triponto\taxonomy.ttl,6d91fbd6039289b2bd1038eda9a5b3fae7b8212be81f4173b56c159b1a364999,D:\Dev\Work\OntoUMLRepository\sousa2022triponto\ontology.ttl,b62908049ec0d4fb6575368477e3c282046aeb6f6afb833edaabe94329cb915f
D:\Dev\Work\OntCatOWL-Tester\catalog\sousa2022triponto\classes_data.csv,0acb2f5703f3d8e13d3f116b47b5f3024ad6da3d45bf276701344573fa06e2b3,D:\Dev\Work\OntoUMLRepository\sousa2022triponto\ontology.ttl,b62908049ec0d4fb6575368477e3c282046aeb6f6afb833edaabe94329cb915f
D:\Dev\Work\OntCatOWL-Tester\catalog\sportbooking2021\taxonomy.ttl,a6ed95f6a25acbbaeb0bca478fc4dc3d611def7ab40e283fa93c1776e64d9891,D:\Dev\Work\OntoUMLRepository\sportbooking2021\ontology.ttl,8a16a045ac58d8641ca46fbc7235f2912ba7a3b13074fd3ace3c6284ed90de20
D:\Dev\Work\OntCatOWL-Tester\catalog\sportbooking2021\classes_data.csv,545127071e6e79e347b9fb286047187cc24ce55d3eaefab0d24e74342652c106,D:\Dev\Work\OntoUMLRepository\sportbooking2021\ontology.ttl,8a16a045ac58d8641ca46fbc7235f2912ba7a3b13074fd3ace3c6284ed90de20
D:\Dev\Work\OntCatOWL-Tester\catalog\srro-ontology\taxonomy.ttl,d7fc85d366d90a55baea483cd4d0c1d9db1002942e1c07ec8da33577e5d0788e,D:\Dev\Work\OntoUMLRepository\srro-ontology\ontology.ttl,1f79f5928721d1e61d288547c2383d3d76754fd1377721623995ba9213d3f0ba
D:\Dev\Work\OntCatOWL-Tester\catalog\srro-ontology\classes_data.csv,15c2f17da7d66dca23c80c5c1d89254ab8fe4f15e6bc1cabc7e11d66c777bde6,D:\Dev\Work\OntoUMLRepository\srro-ontology\ontology.ttl,1f79f5928721d1e61d288547c2383d3d76754fd1377721623995ba9213d3f0ba
D:\Dev\Work\OntCatOWL-Tester\catalog\stock-broker2021\taxonomy.ttl,39c162853f1714ca70332f291fc014d9b8fc4799025988479227ee3655f6b04b,D:\Dev\Work\OntoUMLRepository\stock-broker2021\ontology.ttl,d51ecca62429aa6ea82f5911a3e03c207756c5366ff7bf327f752e3a1c9ce90e
D:\Dev\Work\OntCatOWL-Tester\catalog\stock-broker2021\classes_data.csv,6c1022aea1dd90fe7bcf89f5369918687936dfaf446dc270d23423ed7736faf0,D:\Dev\Work\OntoUMLRepository\stock-broker2021\ontology.ttl,d51ecca62429aa6ea82f5911a3e03c207756c5366ff7bf327f752e3a1c9ce90e
D:\Dev\Work\OntCatOWL-Tester\catalog\tourbo2021\taxonomy.ttl,ab30d45d2818ac5637f02438293cb287f19fec63788e0d39de5e6e6fa5f461aa,D:\Dev\Work\OntoUMLRepository\tourbo2021\ontology.ttl,003ad8a838e4143f661f1377a3270de9533ca427c5e139c4e6f8db4d4f65cd74
D:\Dev\Work\OntCatOWL-Tester\catalog\tourbo2021\classes_data.csv,34c49a4543b568e734ae157e6753285b2532fe93e76e381c7ee104f7aff60127,D:\Dev\Work\OntoUMLRepository\tourbo2021\ontology.ttl,003ad8a838e4143f661f1377a3270de9533ca427c5e139c4e6f8db4d4f65cd74
D:\Dev\Work\OntCatOWL-Tester\catalog\university-ontology\taxonomy.ttl,cfb57f84ffb3f8881fd98b33a17e34e9141874750659d0f046e7986cd650f498,D:\Dev\Work\OntoUMLRepository\university-ontology\ontology.ttl,fcd4ffc6626c9de588d29b9b388c3d389a3406147415928070c6119cf494e5e3
D:\Dev\Work\OntCatOWL-Tester\catalog\university-ontology\classes_data.csv,7b02bb9ac51bf6be956de7f631e26dc9592af8e6e8e10e3bca4bc259c6ea0044,D:\Dev\Work\OntoUMLRepository\university-ontology\ontology.ttl,fcd4ffc6626c9de588d29b9b388c3d389a3406147415928070c6119cf494e5e3
D:\Dev\Work\OntCatOWL-Tester\catalog\valaski2020medical-appointment\taxonomy.ttl,7b6d0658c6875bc901e7b4f5c9030b84c56389dac4f9d84a5903e1383405327e,D:\Dev\Work\OntoUMLRepository\valaski2020medical-appointment\ontology.ttl,cd9769ce80d38bc84c196b4d95b8bd765ede12250b7d44148282e56179fab19c
D:\Dev\Work\OntCatOWL-Tester\catalog\valaski2020medical-appointment\classes_data.csv,8343ab9b7cd30aa3d7eda088274a79351cdad30b4ed095f63827d23c0575ef25,D:\Dev\Work\OntoUMLRepository\valaski2020medical-appointment\ontology.ttl,cd9769ce80d38bc84c196b4d95b8bd765ede12250b7d44148282e56179fab19c
D:\Dev\Work\OntCatOWL-Tester\catalog\van-wingerde2020smart-contracts\taxonomy.ttl,7be6610bff82f73dc54d921c6d65cc2b2946dc97fa11e03bac35dc0619ea1bff,D:\Dev\Work\OntoUMLRepository\van-wingerde2020smart-contracts\ontology.ttl,59a2413d89dd8d660dc5d2253a13a698f35cf8d58552b039b42e2c161746f41a
D:\Dev\Work\OntCatOWL-Tester\catalog\van-wingerde2020smart-contracts\classes_data.csv,3f035ff4bb5157c6d7595a28fad06a3295de34a38a2b391382fa7deab59da9c5,D:\Dev\Work\OntoUMLRepository\van-wingerde2020smart-contracts\ontology.ttl,59a2413d89dd8d660dc5d2253a13a698f35cf8d58552b039b42e2c161746f41a
D:\Dev\Work\OntCatOWL-Tester\catalog\vieira2020weathering\taxonomy.ttl,aa250ce558cb8d729c42228e735d588b55449eb023938c6ae8c2d1b899f5f0bb,D:\Dev\Work\OntoUMLRepository\vieira2020weathering\ontology.ttl,aecdaeb4e750800ab425b3cdbf2b4fe542c14d208f2501c49fdddad391ca146e
D:\Dev\Work\OntCatOWL-Tester\catalog\vieira2020weathering\classes_data.csv,b2f7994d576c41bc4f3235a3d6360381942518a20ee950f4adf1873acfd71a29,D:\Dev\Work\OntoUMLRepository\vieira2020weathering\ontology.ttl,aecdaeb4e750800ab425b3cdbf2b4fe542c14d208f2501c49fdddad391ca146e
D:\Dev\Work\OntCatOWL-Tester\catalog\weigand2021artifact\taxonomy.ttl,d4a6c7156f1c91dece6239a74a3e10c9b4118f49ffeb0a6ec41fbf41de873367,D:\Dev\Work\OntoUMLRepository\weigand2021artifact\ontology.ttl,a03f9bbf35d3c56dfc4b5c711b6872d2f0883c6baff617c53d653348dbd1c70e
D:\Dev\Work\OntCatOWL-Tester\catalog\weigand2021artifact\classes_data.csv,1bd30ac9ef49043bd4a5a635c9877d0e5c06e0159b7c2a9d342244852178fd02,D:\Dev\Work\OntoUMLRepository\weigand2021artifact\ontology.ttl,a03f9bbf35d3c56dfc4b5c711b6872d2f0883c6baff617c53d653348dbd1c70e
D:\Dev\Work\OntCatOWL-Tester\catalog\zanetti2019orm-o\taxonomy.ttl,0a1b1b94d5733a9b6eb0f5677aac5d8e1e76000245efb8fbf9fef7f076ba99d3,D:\Dev\Work\OntoUMLRepository\zanetti2019orm-o\ontology.ttl,8062feeee9e0fa284c0ef2681ad12a29b9a7d6b5f9e88098e6846f08406eeef6
D:\Dev\Work\OntCatOWL-Tester\catalog\zanetti2019orm-o\classes_data.csv,7ac4c6639c243a5c8cd338c1350bbdcf57a66fe15f0d07a66e922c6acfafc119,D:\Dev\Work\OntoUMLRepository\zanetti2019orm-o\ontology.ttl,8062feeee9e0fa284c0ef2681ad12a29b9a7d6b5f9e88098e6846f08406eeef6
